{"cameraMode":{"drawMode":0,"name":"Shaded","section":"Shading Mode"},"sceneLighting":true,"audioPlay":false,"sceneViewState":{"m_AlwaysRefresh":false,"showFog":true,"showSkybox":true,"showFlares":true,"showImageEffects":true,"showParticleSystems":true,"showVisualEffectGraphs":true,"m_FxEnabled":true},"in2DMode":false,"pivot":{"x":8.244961738586426,"y":32.663726806640628,"z":-5.906896114349365},"rotation":{"x":0.40130335092544558,"y":-0.32392871379852297,"z":0.15406663715839387,"w":0.842858612537384},"size":0.7693081498146057,"orthographic":false}